0 = limited only by seminar capacity,0 = セミナー全体の定員のみで制限
0 = unlimited (online capacity is still limited by the host license).,0 = 無制限（オンライン参加はホストのライセンス上限に従います）
A host account is considered busy this many minutes before and after each session.,各セッションの前後この分数は、ホストアカウントを使用中として扱います。
A refund of {0} has been issued to your original payment method.,{0} をお支払いに使用された方法へ返金しました。
AI Summary (Zoom),AI 要約（Zoom）
AI Summary Imported,AI 要約取込済
Access Notes,アクセス案内
Account ID,アカウント ID
Action Items,アクションアイテム
Add at least one attendee with an email address.,メールアドレスを持つ参加者を 1 名以上追加してください。
Add at least one enabled ticket type before opening registration.,申込受付を開始する前に、有効なチケット種別を 1 つ以上追加してください。
Agenda,議題
All Zoom host accounts are busy between {0} and {1}. Add a host account or change the time.,{0} 〜 {1} はすべての Zoom ホストアカウントが使用中です。ホストアカウントを追加するか、時間を変更してください。
Already checked in,受付済み
Already checked in at {0},{0} に受付済み
Answer the survey,アンケートに回答する
Attendance,出席
Attendance Sync Delay (Minutes),参加ログ取得までの待ち時間（分）
Attendance Synced,参加ログ取得済
Attendance updated,出席情報を更新しました
Attended,出席
Attended Online,オンライン出席
Attendee Name,参加者名
Attendee limit of the Webinar add-on assigned to this user. 0 = no webinar license.,このユーザーに割り当てた Webinar アドオンの参加者上限。0 = Webinar ライセンスなし
Attendee {0} is listed more than once.,参加者 {0} が重複しています。
Attendees,参加者
Auto Recording,自動録画
Back to seminar,セミナーページに戻る
Buffer Between Sessions (Minutes),セッション間の余裕時間（分）
Cancel and Refund,キャンセルして返金
Cancel and refund the full amount via Stripe?,Stripe で全額返金してキャンセルしますか？
Cancel this registration without refund?,返金せずにこの申込をキャンセルしますか？
Cancelled: {0},中止: {0}
Cannot delete a seminar that has registrations. Cancel it instead.,申込があるセミナーは削除できません。代わりに中止にしてください。
Capacity,定員
Check in,受付する
Check-in,受付
Checked In,受付済
Checked In At,受付日時
Checked In By,受付担当
Checked in,受付しました
Checkout Expiry (Minutes),決済画面の有効時間（分）
Collect Feedback,アンケートを実施
Conference Kind,会議の種類
Conference Participant,会議参加記録
Conference Registrant ID,会議登録者 ID
Conference Session,オンライン会議
Conferencing Error,オンライン会議エラー
Conferencing Settings,オンライン会議設定
Confirm Without Online Payment,オンライン決済なしで確定
Confirm this registration (e.g. invoice / bank transfer / invited guest)?,この申込を確定しますか？（請求書払い・銀行振込・招待者など）
Could not {0} the online session: {1},オンライン会議を{0}できませんでした: {1}
Create Stripe Invoice (Receipt),Stripe 請求書（領収書）を発行
"Dear {0},",{0} 様
Default Currency,既定の通貨
Defaults to the start time.,未入力の場合は開始日時になります。
Duration (Minutes),時間（分）
Each registrant receives a personal join link.,申込者ごとに個別の参加リンクが発行されます。
Email address or user ID of a licensed user in the Zoom account.,Zoom アカウント内のライセンス付与済みユーザーのメールアドレスまたはユーザー ID
Email all attendees with a calendar invitation?,全参加者にカレンダー招待付きのメールを送信しますか？
Enable Stripe,Stripe を有効化
Enable Zoom,Zoom を有効化
End time must be after start time.,終了日時は開始日時より後にしてください。
Ended,終了
"Endpoint: /api/method/lifegence_seminar.api.webhooks.stripe — events: checkout.session.completed, checkout.session.expired, checkout.session.async_payment_succeeded, checkout.session.async_payment_failed","エンドポイント: /api/method/lifegence_seminar.api.webhooks.stripe — イベント: checkout.session.completed, checkout.session.expired, checkout.session.async_payment_succeeded, checkout.session.async_payment_failed"
Ends At,終了日時
External ID,外部 ID
Feedback Requested,アンケート依頼済
Feedback has already been submitted. Thank you!,アンケートは回答済みです。ありがとうございました。
Feedback is not collected for this seminar.,このセミナーではアンケートを実施していません。
Feedback opens after the seminar starts.,アンケートはセミナー開始後に回答できます。
Host Account,ホストアカウント
Host Allocation,ホスト割当
Host account {0} is busy at the new time. Choose another time.,ホストアカウント {0} は変更後の時間に使用中です。別の時間を選んでください。
Hybrid,ハイブリッド
I would recommend this seminar to others,このセミナーを他の人に勧めたい
Import AI Summary,AI 要約を取り込む
Internal Meeting,社内ミーティング
Internal Meeting Action,社内ミーティング アクション
Internal Meeting Agenda,社内ミーティング 議題
Internal Meeting Attendee,社内ミーティング 参加者
Internal Notes,社内メモ
Invalid check-in code.,受付コードが無効です。
Invalid feedback link.,アンケートのリンクが無効です。
Invitation Message,招待メッセージ
Invitation queued,招待メールを送信しました
Invitation: {0},招待: {0}
Invited,招待済
Job Title,役職
Join,参加
Join Time,入室日時
Join URL,参加 URL
Join URL (Generic),参加 URL（共通）
Join on Zoom,Zoom で参加する
Join with this personal link (please do not share it):,以下の個別リンクから参加してください（他の方と共有しないでください）:
Kind,種類
Leave Time,退室日時
Map URL,地図 URL
Meeting Capacity,ミーティング上限人数
Meeting: registration-based Zoom meeting (up to the host's meeting capacity). Webinar: requires a host with a Webinar license.,Meeting: 登録制の Zoom ミーティング（ホストのミーティング上限人数まで）。Webinar: Webinar ライセンスを持つホストが必要です。
No AI summary is available yet. Make sure AI Companion meeting summary is enabled in Zoom.,AI 要約はまだありません。Zoom で AI Companion の会議要約が有効か確認してください。
No Stripe payment is linked to this registration; refund it manually.,この申込には Stripe の決済が紐付いていません。手動で返金してください。
No Zoom Host Available,利用可能な Zoom ホストがありません
No enabled Zoom host account can host a {0} for {1} attendees.,{1} 名の {0} を開催できる有効な Zoom ホストアカウントがありません。
No upcoming seminars.,開催予定のセミナーはありません。
Notes,メモ
On-site,会場
On-site check-in,会場での受付
Online (Zoom),オンライン（Zoom）
Online Minutes,オンライン視聴時間（分）
Online participation,オンライン参加
Online payment is not available. Enable Stripe in Seminar Settings.,オンライン決済は利用できません。セミナー設定で Stripe を有効にしてください。
Only confirmed registrations can be resent.,確定済みの申込のみ再送できます。
Only pending registrations can be confirmed.,支払い待ちの申込のみ確定できます。
Only seminar staff can check in attendees.,受付はセミナースタッフのみ行えます。
Only the organizer can start this meeting as host.,このミーティングをホストとして開始できるのは主催者のみです。
Open in Frappe,Frappe で開く
Optional,任意参加
Organization,所属
Organizer,主催者
Overall satisfaction,総合満足度
Paid At,支払日時
Passcode,パスコード
Payment,支払い
Payment could not be started. Please try again later.,決済を開始できませんでした。しばらくしてから再度お試しください。
Payment was cancelled. You can register again from the seminar page.,決済がキャンセルされました。セミナーページから再度お申し込みいただけます。
Pending Payment,支払い待ち
Personal Join URL,個別参加 URL
Photo,写真
Planned,予定
Planning,企画
Please show the attached QR code at the reception. You can also open it here:,受付で添付の QR コードをご提示ください。こちらからも表示できます:
Presenter,担当者
Price,価格
Program,プログラム
Provider Details,プロバイダー詳細
Rating must be between 1 and 5.,評価は 1〜5 で入力してください。
Refund failed: {0},返金に失敗しました: {0}
Refunded,返金済
Refunded Amount,返金額
Register,申し込む
Registration,申込
Registration Closes At,申込締切日時
Registration Required,登録制
Registration cancelled: {0},申込キャンセル: {0}
Registration closed,受付終了
Registration closes,申込締切
Registration confirmed: {0},お申し込み確定: {0}
Registration could not be completed.,申込を完了できませんでした。
Registration for this seminar has closed.,このセミナーの申込受付は終了しました。
Registration for this seminar is not open.,このセミナーは申込を受け付けていません。
Registration is not available.,申込を受け付けていません。
Registration not found,申込が見つかりません
Registration not found.,申込が見つかりません。
Registrations,申込一覧
Reminder Sent,リマインド送信済
Reminder: {0},リマインド: {0}
Resend Confirmation,確定メールを再送
Seat is held while the Stripe Checkout is open. Stripe requires 30 minutes or more.,Stripe の決済画面が開いている間は席を確保します。Stripe の仕様上 30 分以上が必要です。
Secret Token of the Zoom app's Event Subscription. Webhook URL: /api/method/lifegence_seminar.api.webhooks.zoom,Zoom アプリの Event Subscription の Secret Token。Webhook URL: /api/method/lifegence_seminar.api.webhooks.zoom
Seminar,セミナー
Seminar Check-in,セミナー受付
Seminar Feedback,セミナーアンケート
Seminar Registration,セミナー申込
Seminar Session,セミナープログラム
Seminar Settings,セミナー設定
Seminar Speaker,セミナー講師
Seminar Survey,セミナーアンケート
Seminar Task,セミナー準備タスク
Seminar Ticket Type,セミナーチケット種別
Seminar Venue,セミナー会場
Seminar not found.,セミナーが見つかりません。
Seminars,セミナー一覧
Send Cancellation,中止連絡を送信
Send Feedback Request After Seminar,終了後にアンケート依頼を送信
Send Invitation,招待を送信
Send Reminder Hours Before,リマインド送信（開始の何時間前）
Show this QR code at the reception.,受付でこの QR コードをご提示ください。
Shown on the seminar list.,セミナー一覧に表示されます。
Sold out,満席
Speaker,講師
Speakers,講師
Start as Host,ホストとして開始
Starts At,開始日時
Stripe Checkout Session,Stripe Checkout セッション
Stripe Payment Intent,Stripe Payment Intent
Stripe issues an invoice PDF after payment. Configure your qualified invoice registration number in Stripe.,決済後に Stripe が請求書 PDF を発行します。適格請求書発行事業者の登録番号は Stripe 側で設定してください。
Summary imported,要約を取り込みました
Survey,アンケート
Sync Attempts,取得試行回数
Sync Attendance,参加ログを取得
Thank you for attending {0},{0} へのご参加ありがとうございました
Thank you for attending {0}. Please take a minute to answer our survey.,{0} にご参加いただきありがとうございました。アンケートへのご協力をお願いいたします。
Thank you for registering. Your registration is confirmed.,お申し込みありがとうございます。お申し込みが確定しました。
The Zoom session is created automatically when the status is set to Open.,ステータスを Open にすると Zoom が自動作成されます。
The following meeting has been cancelled.,以下のミーティングは中止になりました。
The link is invalid or has expired.,リンクが無効か、有効期限が切れています。
The online join link will be sent in a separate email.,オンライン参加リンクは別途メールでお送りします。
The online session is not ready yet. Please try again later.,オンライン会議の準備ができていません。しばらくしてから再度お試しください。
"The seminar is open but not published, so it is not visible on the website.",申込受付中ですが公開されていないため、Web サイトには表示されません。
The survey is not open yet.,アンケートはまだ開始されていません。
This email address is already registered for this seminar.,このメールアドレスは既にこのセミナーに申し込まれています。
This is a reminder that the seminar is coming up soon.,まもなくセミナーの開催日です。
This link is personal. Please do not share it.,このリンクはあなた専用です。他の方と共有しないでください。
This registration cannot be checked in.,この申込は受付できません。
This registration is {0}.,この申込は「{0}」です。
This seminar is fully booked.,このセミナーは満席です。
Ticket,チケット
Ticket Name,チケット名
Ticket Type,チケット種別
Ticket Types,チケット種別
Ticket name {0} is used more than once.,チケット名 {0} が重複しています。
Ticket price cannot be negative.,チケット価格に負の値は設定できません。
Ticket type {0} does not exist in seminar {1}.,チケット種別 {0} はセミナー {1} に存在しません。
Ticket type {0} is not available.,チケット種別 {0} は利用できません。
Ticket {0} is sold out.,チケット {0} は完売しました。
Tickets,チケット
Unknown action.,不明な操作です。
Unsupported conference provider: {0},未対応の会議プロバイダーです: {0}
Use for Internal Meetings,社内ミーティングに使用
Use for Seminars,セミナーに使用
Venue,会場
Venue Name,会場名
Venue is required for offline and hybrid seminars.,会場開催・ハイブリッドのセミナーには会場が必要です。
View on Website,Web サイトで表示
View your registration,お申し込み内容を確認
Waiting Room for Internal Meetings,社内ミーティングで待機室を使用
Waiting for payment.,お支払いをお待ちしています。
We are confirming your payment. This page will update shortly; the confirmation email follows.,お支払いを確認しています。まもなくこのページが更新され、確定メールが届きます。
Webhook Secret Token,Webhook Secret Token
Webhook Signing Secret,Webhook 署名シークレット
Webinar,ウェビナー
Webinar Capacity,ウェビナー上限人数
Would Recommend,推奨意向
You are invited to the following meeting.,以下のミーティングにご招待します。
Your Registration,お申し込み内容
Your registration has been cancelled.,お申し込みはキャンセルされました。
Your registration is confirmed.,お申し込みは確定しています。
Zoom (the join link is emailed after registration),Zoom（参加リンクはお申し込み後にメールでお送りします）
Zoom Host Account,Zoom ホストアカウント
Zoom User,Zoom ユーザー
cancel,取消
create,作成
min,分
open,開始
update,更新
{0} is too long.,{0} が長すぎます。
{0} seats left,残り {0} 席
